,,,,,,,,,,,,,表 1	男子 100 米跑考试评分标准,,,,,,,,,,,,,,,
score,value
75,11.48
74,11.52
73,11.56
72,11.6
71,11.64
70,11.68
69,11.72
68,11.76
67,11.8
66,11.84
65,11.88
64,11.91
63,11.94
62,11.97
61,12
60,12.02
59,12.04
58,12.06
57,12.08
56,12.1
55,12.12
54,12.14
53,12.16
52,12.18
51,12.2
50,12.22
49,12.25
48,12.28
47,12.31
46,12.35
45,12.39
44,12.43
43,12.47
42,12.52
41,12.57
40,12.62
39,12.68
38,12.75
37,12.82
36,12.9
35,12.98
34,13.06
33,13.15
32,13.24
31,13.33
30,13.42
29,13.51
28,13.6
27,13.69
26,13.78
25,13.87
24,13.96
23,14.15
22,14.25
21,14.35
20,14.45
19,14.55
18,14.65
17,14.75
16,14.85
15,14.95
14,15.07
13,15.19
12,15.31
11,15.43
10,15.55
9,15.67
8,15.79
7,15.91
6,16.03
5,16.15
4,16.27
3,16.39
2,16.52
1,16.65
,,,,,,,,,,,,,表 2	女子 100 米跑考试评分标准,,,,,,,,,,,,,,,
score,value
75,13
74,13.05
73,13.1
72,13.15
71,13.2
70,13.25
69,13.3
68,13.35
67,13.4
66,13.45
65,13.5
64,13.55
63,13.59
62,13.63
61,13.67
60,13.71
59,13.74
58,13.77
57,13.8
56,13.83
55,13.86
54,13.89
53,13.92
52,13.95
51,13.98
50,14.01
49,14.06
48,14.11
47,14.16
46,14.21
45,14.26
44,14.31
43,14.36
42,14.42
41,14.49
40,14.56
39,14.64
38,14.72
37,14.81
36,14.9
35,14.99
34,15.08
33,15.17
32,15.26
31,15.35
30,15.44
29,15.53
28,15.62
27,15.71
26,15.8
25,15.89
24,15.98
23,16.07
22,16.16
21,16.25
20,16.34
19,16.43
18,16.52
17,16.61
16,16.7
15,16.79
14,16.88
13,16.97
12,17.06
11,17.15
10,17.24
9,17.33
8,17.42
7,17.51
6,17.6
5,17.69
4,17.78
3,17.87
2,17.96
1,18.05
,,,,,,,,,,,,表 3	男子立定三级跳远考试评分标准,,,,,,,,,,,,,,,,
score,value
75,9.5
74,9.47
73,9.44
72,9.41
71,9.38
70,9.35
69,9.32
68,9.29
67,9.26
66,9.23
65,9.2
64,9.17
63,9.14
62,9.11
61,9.08
60,9.05
59,9.02
58,8.99
57,8.96
56,8.93
55,8.9
54,8.87
53,8.84
52,8.81
51,8.78
50,8.75
49,8.72
48,8.69
47,8.66
46,8.63
45,8.6
44,8.56
43,8.52
42,8.48
41,8.44
40,8.4
39,8.36
38,8.32
37,8.28
36,8.24
35,8.2
34,8.15
33,8.1
32,8.05
31,8
30,7.95
29,7.9
28,7.85
27,7.8
26,7.75
25,7.7
24,7.65
23,7.6
22,7.55
21,7.5
20,7.45
19,7.4
18,7.35
17,7.3
16,7.25
15,7.2
14,7.15
13,7.1
12,7.05
11,7
10,6.95
9,6.9
8,6.85
7,6.8
6,6.75
5,6.7
4,6.65
3,6.6
2,6.55
1,6.5
,,,,,,,,,,,,表 4	女子立定三级跳远考试评分标准,,,,,,,,,,,,,,,,
score,value
75,7.9
74,7.88
73,7.86
72,7.84
71,7.82
70,7.8
69,7.77
68,7.74
67,7.71
66,7.68
65,7.65
64,7.62
63,7.59
62,7.56
61,7.53
60,7.5
59,7.47
58,7.44
57,7.41
56,7.38
55,7.35
54,7.32
53,7.29
52,7.26
51,7.23
50,7.2
49,7.17
48,7.14
47,7.11
46,7.08
45,7.05
44,7.02
43,6.99
42,6.96
41,6.93
40,6.9
39,6.86
38,6.82
37,6.78
36,6.74
35,6.7
34,6.65
33,6.6
32,6.55
31,6.5
30,6.45
29,6.4
28,6.35
27,6.3
26,6.25
25,6.2
24,6.15
23,6.1
22,6.05
21,6
20,5.95
19,5.9
18,5.85
17,5.8
16,5.75
15,5.7
14,5.65
13,5.6
12,5.55
11,5.5
10,5.45
9,5.4
8,5.35
7,5.3
6,5.25
5,5.2
4,5.15
3,5.1
2,5.05
1,5
,,,,,,,,,,,,,表 5	男子原地推铅球考试评分标准,,,,,,,,,,,,,,,
score,value
75,12.3
74,12.24
73,12.18
72,12.12
71,12.06
70,11.98
69,11.9
68,11.82
67,11.74
66,11.66
65,11.58
64,11.5
63,11.42
62,11.34
61,11.26
60,11.18
59,11.1
58,11.02
57,10.94
56,10.86
55,10.78
54,10.7
53,10.62
52,10.54
51,10.46
50,10.38
49,10.3
48,10.22
47,10.14
46,10.06
45,9.98
44,9.9
43,9.82
42,9.74
41,9.66
40,9.56
39,9.46
38,9.36
37,9.26
36,9.16
35,9.06
34,8.96
33,8.86
32,8.76
31,8.66
30,8.56
29,8.46
28,8.36
27,8.26
26,8.16
25,8.06
24,7.96
23,7.86
22,7.76
21,7.66
20,7.56
19,7.46
18,7.36
17,7.26
16,7.16
15,7.04
14,6.92
13,6.8
12,6.68
11,6.56
10,6.44
9,6.32
8,6.2
7,6.08
6,5.94
5,5.8
4,5.66
3,5.52
2,5.38
1,5.24
,,,,,,,,,,,,,表 6	女子原地推铅球考试评分标准,,,,,,,,,,,,,,,
score,value
75,9.5
74,9.47
73,9.44
72,9.41
71,9.38
70,9.33
69,9.28
68,9.23
67,9.18
66,9.13
65,9.08
64,9.03
63,8.98
62,8.93
61,8.88
60,8.83
59,8.78
58,8.73
57,8.68
56,8.63
55,8.58
54,8.53
53,8.48
52,8.43
51,8.38
50,8.33
49,8.28
48,8.23
47,8.18
46,8.13
45,8.08
44,8.03
43,7.98
42,7.93
41,7.88
40,7.81
39,7.74
38,7.67
37,7.6
36,7.53
35,7.46
34,7.39
33,7.32
32,7.25
31,7.18
30,7.11
29,7.04
28,6.97
27,6.9
26,6.83
25,6.76
24,6.69
23,6.62
22,6.55
21,6.48
20,6.41
19,6.34
18,6.27
17,6.2
16,6.13
15,6.04
14,5.95
13,5.86
12,5.77
11,5.68
10,5.59
9,5.5
8,5.41
7,5.32
6,5.23
5,5.12
4,5.01
3,4.9
2,4.79
1,4.68
,,,,,,,,,,,表 7	男子 20 秒连续俯卧撑考试评分标准,,,,,,,,,,,,,,,,,
score,value
30,50
29,48
28,46
27,44
26,42
25,40
24,38
23,36
22,34
21,32
20,30
19,28
18,26
17,24
16,22
15,20
14,18
13,16
12,14
11,12
10,10
9,8
8,6
≤7,0
,,,,,,,,,,,表 8	女子 15 秒连续俯卧撑考试评分标准,,,,,,,,,,,,,,,,,
score,value
20,50
19,47
18,44
17,41
16,38
15,35
14,32
13,29
12,26
11,23
10,20
9,17
8,14
7,11
6,8
≤5,0
,,,,,,,,,,,,表 9	男子 20 秒两头起考试评分标准,,,,,,,,,,,,,,,,
score,value
28,50
27,48
26,46
25,44
24,42
23,40
22,38
21,36
20,34
19,32
18,30
17,28
16,26
15,24
14,22
13,20
12,18
11,16
10,14
9,12
8,10
7,8
6,6
≤5,0
,,,,,,,,,,,,表 10	女子 20 秒两头起考试评分标准,,,,,,,,,,,,,,,,
score,value
25,50
24,47
23,44
22,41
21,38
20,35
19,33
18,31
17,29
16,27
15,25
14,23
13,21
12,19
11,17
10,15
9,13
8,11
7,9
6,7
≤5,0
,,,,,,,,,,表     11 男子 3×10 米 8 字绕杆跑考试评分标准,,,,,,,,,,,,,,,,,,
score,value
16.00,50
16.10,49
16.20,48
16.30,47
16.40,46
16.50,45
16.60,44
16.70,43
16.80,42
16.90,41
17.00,40
17.10,39
17.20,38
17.30,37
17.40,36
17.50,35
17.60,34
17.70,33
17.80,32
17.90,31
18.00,30
18.10,29
18.20,28
18.30,27
18.40,26
18.50,25
18.60,24
18.70,23
18.80,22
18.90,21
18.00,20
19.10,19
19.20,18
19.30,17
19.40,16
19.50,15
19.60,14
19.70,13
19.80,12
19.90,11
20.00,10
20.10,9
20.20,8
20.30,7
20.40,6
20.50,5
20.60,4
>20.60,0
,,,,,,,,,,,表 12    女子 3×10 米 8 字绕杆跑考试评分标准,,,,,,,,,,,,,,,,,
score,value
17.00,50
17.10,49
17.20,48
17.30,47
17.40,46
17.50,45
17.60,44
17.70,43
17.80,42
17.90,41
18.00,40
18.10,39
18.20,38
18.30,37
18.40,36
18.50,35
18.60,34
18.70,33
18.80,32
18.90,31
19.00,30
19.10,29
19.20,28
19.30,27
19.40,26
19.50,25
19.60,24
19.70,23
19.80,22
19.90,21
20.00,20
20.10,19
20.20,18
20.30,17
20.40,16
20.50,15
20.60,14
20.70,13
20.80,12
20.90,11
21.00,10
21.10,9
21.20,8
21.30,7
21.40,6
21.50,5
21.60,4
21.60,0
,,,,,,,,,,,表 13	男子足球运球绕杆射门考试评分标准,,,,,,,,,,,,,,,,,
score,value
75,15
74,15.6
73,16
72,16.5
71,17
70,17.5
69,17.8
68,18.1
67,18.5
66,18.9
65,19.2
64,19.4
63,19.6
62,19.8
61,20
60,20.1
59,20.3
58,20.5
57,20.7
56,20.9
55,21
54,21.1
53,21.2
52,21.3
51,21.4
50,21.5
49,21.6
48,21.7
47,21.8
46,21.9
45,22
44,22.1
43,22.2
42,22.3
41,22.4
40,22.5
39,22.6
38,22.7
37,22.8
36,22.9
35,23
34,23.2
33,23.4
32,23.6
31,23.8
30,24
29,24.2
28,24.4
27,24.6
26,24.8
25,25
24,25.2
23,25.4
22,25.6
21,25.8
20,26
19,26.2
18,26.4
17,26.6
16,26.8
15,27
14,27.2
13,27.4
12,27.6
11,27.8
10,28
9,28.2
8,28.4
7,28.6
6,28.8
5,29
4,29.2
3,29.4
2,29.6
1,29.8
,,,,,,,,,,,表 14	女子足球运球绕杆射门考试评分标准,,,,,,,,,,,,,,,,,
score,value
75,17
74,17.4
73,17.9
72,18.3
71,18.7
70,19.1
69,19.4
68,19.7
67,20.1
66,20.3
65,20.5
64,20.6
63,20.7
62,20.8
61,20.9
60,21
59,21.1
58,21.2
57,21.3
56,21.4
55,21.5
54,21.6
53,21.7
52,21.8
51,21.9
50,22
49,22.1
48,22.2
47,22.3
46,22.4
45,22.5
44,22.6
43,22.7
42,22.8
41,22.9
40,23.1
39,23.3
38,23.5
37,23.7
36,23.9
35,24.1
34,24.3
33,24.5
32,24.7
31,24.9
30,25.1
29,25.3
28,25.5
27,25.7
26,25.9
25,26.1
24,26.3
23,26.5
22,26.7
21,26.9
20,27.1
19,27.3
18,27.5
17,27.7
16,27.9
15,28.1
14,28.3
13,28.5
12,28.7
11,28.9
10,29.1
9,29.3
8,29.5
7,29.7
6,29.9
5,30.1
4,30.3
3,30.5
2,30.7
1,30.9
,,,,,,,,,,,表 15	男子篮球运球绕杆定点投篮评分标准,,,,,,,,,,,,,,,,,
score,value
75,29.5
74,29.7
73,29.9
72,30.1
71,30.3
70,30.5
69,30.7
68,30.9
67,31.1
66,31.3
65,31.5
64,31.8
63,32.1
62,32.4
61,32.7
60,33
59,33.3
58,33.6
57,33.9
56,34.2
55,34.5
54,34.8
53,35.1
52,35.4
51,35.7
50,36
49,36.3
48,36.6
47,36.9
46,37.2
45,37.5
44,37.8
43,38.1
42,38.4
41,38.7
40,39
39,39.3
38,39.6
37,39.9
36,40.2
35,40.5
34,40.8
33,41.1
32,41.4
31,41.7
30,42
29,42.3
28,42.6
27,42.9
26,43.2
25,43.5
24,43.8
23,44.1
22,44.4
21,44.7
20,45
19,45.3
18,45.6
17,45.9
16,46.2
15,46.5
14,46.8
13,47.1
12,47.4
11,47.7
10,48
9,48.3
8,48.6
7,48.9
6,49.2
5,49.5
4,49.8
3,50.1
2,50.4
1,50.7
,,,,,,,,,,,表 16	女子篮球运球绕杆定点投篮评分标准,,,,,,,,,,,,,,,,,
score,value
75,33
74,33.2
73,33.4
72,33.6
71,33.8
70,34
69,34.2
68,34.4
67,34.6
66,34.8
65,35
64,35.3
63,35.6
62,35.9
61,36.2
60,36.5
59,36.8
58,37.1
57,37.4
56,37.7
55,38
54,38.3
53,38.6
52,38.9
51,39.2
50,39.5
49,39.8
48,40.1
47,40.4
46,40.7
45,41
44,41.3
43,41.6
42,41.9
41,42.2
40,42.5
39,42.8
38,43.1
37,43.4
36,43.7
35,44
34,44.3
33,44.6
32,44.9
31,45.2
30,45.5
29,45.8
28,46.1
27,46.4
26,46.7
25,47
24,47.3
23,47.6
22,47.9
21,48.2
20,48.5
19,48.8
18,49.1
17,49.4
16,49.7
15,50
14,50.3
13,50.6
12,50.9
11,51.2
10,51.5
9,51.8
8,52.1
7,52.4
6,52.7
5,53
4,53.3
3,53.6
2,53.9
1,54.2
,,,,,,,,,,,表 17	排球隔网定向垫球、传球考试评分标准,,,,,,,,,,,,,,,,,
score,value
30,10
27,9
18,6
15,5
6,2
3,1
,,,,,,,,,,,表 18	男子排球助跑摸高考试评分标准,,,,,,,,,,,,,,,,,
score,value
15,3.15
14,3.13
13,3.11
12,3.09
11,3.07
2.8,10
2.78,9
2.76,8
2.74,7
2.72,6
3.05,2.7
3.03,2.68
3.01,2.66
,,,,,,,,,,,表 19	女子排球助跑摸高考试评分标准,,,,,,,,,,,,,,,,,
score,value
2.80,15
2.78,14
2.76,13
2.74,12
2.72,11
2.70,10
2.68,9
2.66,8
2.64,7
2.62,6
2.60,5
2.58,4
2.56,3
2.54,2
2.52,1
,,,,,,,,,,表 18	男子、女子乒乓球左推右攻考试评分标准,,,,,,,,,,,,,,,,,,
score,value
75,60
73,59
70,58
67,57
64,56
61,55
58,54
55,53
52,52
50,51
48,50
46,49
44,48
42,47
41,46
40,45
39,44
38,43
37,42
36,41
35,40
34,39
33,38
32,37
31,36
30,35
29,34
28,33
27,32
26,31
25,30
24,29
23,28
22,27
21,26
20,25
19,24
18,23
17,22
16,21
15,20
14,19
13,18
12,17
11,16
10,15
9,14
8,13
7,12
6,11
5,10
4,9
3,8
2,7
1,6
0,≤5
,,,,,,,,,,,,表 19	100 米游泳考试评分标准（25 米池）,,,,,,,,,,,,,,,,
,"25m 池
分值",,,,100 米蝶泳,,,,,,,,100 米仰泳,,,,,,,100 米蛙泳,,,,100 米自由泳,,,,
score,male,female
,,,,,,,,,,,,,,,,,,,,,,,,,,,,
续上表,,,,,,,,,,,,,,,,,,,,,,,,,,,,
75,01:09.00,01:18.00
74,01:10.00,01:19.00
73,01:11.00,01:20.00
72,01:12.00,01:21.00
71,01:13.50,01:22.50
70,01:15.00,01:24.00
69,01:16.50,01:25.50
68,01:18.00,01:27.00
67,01:19.50,01:28.50
66,01:20.50,01:30.00
65,01:22.00,01:31.50
64,01:24.00,01:33.00
63,01:26.00,01:35.00
62,01:28.00,01:37.00
61,01:30.00,01:39.00
60,01:32.00,01:41.00
59,01:34.00,01:42.00
58,01:38.00,01:44.00
57,01:40.00,01:46.00
56,01:42.00,01:48.00
55,01:44.50,01:50.50
54,01:47.00,01:53.00
53,01:49.50,01:56.50
52,01:52.00,01:59.00
51,01:55.00,02:01.50
50,01:58.00,02:04.00
49,01:01.00,02:06.50
48,02:04.00,02:09.00
47,02:07.00,02:12.00
46,02:10.00,02:15.00
45,02:13.00,02:18.00
44,02:16.00,02:21.00
43,02:19.00,02:24.00
42,02:21.00,02:26.00
41,02:24.00,02:29.00
40,02:27.00,02:31.00
39,02:30.00,02:34.00
38,02:33.00,02:37.00
37,02:36.00,02:40.00
36,02:39.00,02:43.00
75,01:13.00,01:20.00
74,01:14.00,01:21.00
73,01:15.00,01:22.00
72,01:16.00,01:23.00
71,01:17.50,01:24.50
70,01:19.00,01:26.00
69,01:20.50,01:27.50
68,01:22.00,01:29.00
67,01:23.50,01:30.50
66,01:25.00,01:32.00
65,01:26.50,01:33.50
64,01:28.00,01:35.00
63,01:30.00,01:37.00
62,01:32.00,01:39.00
61,01:34.00,01:41.00
60,01:36.00,01:43.00
59,01:38.00,01:45.00
58,01:40.00,01:47.00
57,01:42.00,01:49.00
56,01:44.00,01:51.00
55,01:46.00,01:53.50
54,01:48.00,01:56.00
53,01:50.00,01:58.50
52,01:52.00,02:01.00
51,01:54.50,02:03.50
50,01:57.00,02:06.00
49,02:00.00,02:09.00
48,02:03.00,02:12.50
47,02:06.00,02:15.00
46,02:09.00,02:18.50
45,02:12.00,02:21.00
44,02:15.00,02:24.50
43,02:18.00,02:27.00
42,02:21.00,02:30.00
41,02:24.00,02:33.00
40,02:27.00,02:36.00
39,02:30.00,02:39.00
38,02:33.00,02:42.00
37,02:36.00,02:45.00
36,02:39.00,02:48.00
75,01:18.00,01:27.00
74,01:19.00,01:28.00
73,01:20.00,01:29.00
72,01:21.00,01:30.00
71,01:22.50,01:31.50
70,01:24.00,01:33.00
69,01:25.50,01:34.50
68,01:27.00,01:36.00
67,01:28.50,01:37.50
66,01:30.00,01:39.00
65,01:31.50,01:40.50
64,01:33.00,01:42.00
63,01:35.00,01:44.00
62,01:37.00,01:46.00
61,01:39.00,01:48.00
60,01:41.00,01:50.00
59,01:43.00,01:52.00
58,01:45.00,01:54.00
57,01:47.00,01:56.00
56,01:49.00,01:58.00
55,01:51.50,02:00.50
54,01:54.00,02:03.00
53,01:56.50,02:05.50
52,01:59.00,02:08.00
51,02:01.50,02:10.50
50,02:04.00,02:13.00
49,02:07.00,02:16.00
48,02:10.00,02:19.00
47,02:13.00,02:22.00
46,02:16.00,02:25.00
45,02:19.00,02:28.00
44,02:21.00,02:31.00
43,02:24.00,02:34.00
42,02:27.00,02:37.00
41,02:30.00,02:40.00
40,02:33.00,02:43.00
39,02:36.00,02:46.00
38,02:39.00,02:49.00
37,02:42.00,02:52.00
36,02:45.00,02:55.00
75,01:03.00,01:11.00
74,01:04.00,01:12.00
73,01:05.00,01:13.00
72,01:06.00,01/14/2000
71,01:07.50,01:15.50
70,01:09.00,01:17.00
69,01:10.50,01:18.50
68,01:12.00,01:20.00
67,01:13.50,01:21.50
66,01:15.00,01:23.00
65,01:16.50,01:24.50
64,01:18.00,01:26.00
63,01:20.00,01:28.00
62,01:22.00,01:30.00
61,01:24.00,01:32.00
60,01:26.00,01:34.00
59,01:28.00,01:36.00
58,01:30.00,01:38.00
57,01:32.00,01:40.00
56,01:35.00,01:46.00
55,01:37.00,01:48.50
54,01:39.50,01:51.00
53,01:42.00,01:53.50
52,01:44.50,01:56.00
51,01:46.00,01:58.50
50,01:48.50,02:01.00
49,01:51.00,02:03.50
48,01:54.00,02:06.00
47,01:57.00,02:09.00
46,02:00.00,02:12.00
45,02:03.00,02:15.00
44,02:06.00,02:18.00
43,02:09.00,02:21.00
42,02:12.00,02:24.00
41,02:15.00,02:27.00
40,02:18.00,02:30.00
39,02:21.00,02:33.00
38,02:24.00,02:36.00
37,02:27.00,02:39.00
36,02:30.00,02:42.00
,35,,,,02:42.00,,,,02:46.00,,,,02:42.00,,,02:51.00,,,,02:48.00,02:58.00,,,02:33.00,,,,02:45.00
,34,,,,02:45.00,,,,02:49.00,,,,02:45.00,,,02:54.00,,,,02:51.00,03:01.00,,,02:36.00,,,,02:48.00
,33,,,,02:48.00,,,,02:52.00,,,,02:48.00,,,02:57.00,,,,02:54.00,03:07.00,,,02:39.00,,,,02:51.00
,32,,,,02:51.00,,,,02:55.00,,,,02:51.00,,,03:00.00,,,,02:57.00,03:10.00,,,02:42.00,,,,02:54.00
,31,,,,02:55.00,,,,02:58.00,,,,02:54.00,,,03:03.00,,,,03:03.00,03:13.00,,,02:48.00,,,,02:57.00
,30,,,,02:58.00,,,,03:01.00,,,,02:57.00,,,03:06.00,,,,03:06.00,03:16.00,,,02:51.00,,,,03:00.00
,29,,,,03:01.00,,,,03:04.00,,,,03:00.00,,,03:09.00,,,,03:09.00,03:19.00,,,02:54.00,,,,03:03.00
,28,,,,03:04.00,,,,03:07.00,,,,03:03.00,,,03:12.00,,,,03:12.00,03:23.00,,,02:57.00,,,,03:06.00
,27,,,,03:07.00,,,,03:10.00,,,,03:06.00,,,03:15.00,,,,03:15.00,03:27.00,,,03:00.00,,,,03:09.00
,26,,,,03:10.00,,,,03:13.00,,,,03:09.00,,,03:18.00,,,,03:19.00,03:31.00,,,03:04.00,,,,03:12.00
,25,,,,03:13.00,,,,03:16.00,,,,03:12.00,,,03:21.00,,,,03:23.00,03:35.00,,,03:08.00,,,,03:15.00
,24,,,,03:17.00,,,,03:20.00,,,,03:16.00,,,03:23.00,,,,03:27.00,03:39.00,,,03:12.00,,,,03:18.00
,23,,,,03:21.00,,,,03:24.00,,,,03:20.00,,,03:26.00,,,,03:31.00,03:43.00,,,03:16.00,,,,03:21.00
,22,,,,03:25.00,,,,03:28.00,,,,03:24.00,,,03:30.00,,,,03:35.00,03:47.00,,,03:20.00,,,,03:25.00
,21,,,,03:29.00,,,,03:32.00,,,,03:28.00,,,03:34.00,,,,03:39.00,03:51.00,,,03:24.00,,,,03:29.00
,20,,,,03:33.00,,,,03:36.00,,,,03:32.00,,,03:38.00,,,,03:43.00,03:55.00,,,03:28.00,,,,03:33.00
,19,,,,03:37.00,,,,03:40.00,,,,03:36.00,,,03:42.00,,,,03:47.00,03:59.00,,,03:32.00,,,,03:37.00
,18,,,,03:41.00,,,,03:44.00,,,,03:40.00,,,03:46.00,,,,03:51.00,04:03.00,,,03:36.00,,,,03:41.00
,17,,,,03:45.00,,,,03:48.00,,,,03:44.00,,,03:50.00,,,,03:55.00,04:07.00,,,03:40.00,,,,03:45.00
,16,,,,03:49.00,,,,03:52.00,,,,03:48.00,,,03:54.00,,,,03:59.00,04:11.00,,,03:44.00,,,,03:49.00
,15,,,,03:53.00,,,,03:56.00,,,,03:52.00,,,03:58.00,,,,04:03.00,04:15.00,,,03:48.00,,,,03:53.00
,14,,,,03:57.00,,,,04:00.00,,,,03:56.00,,,04:02.00,,,,04:07.00,04:19.00,,,03:52.00,,,,03:57.00
,13,,,,04:01.00,,,,04:04.00,,,,04:00.00,,,04:06.00,,,,04:11.00,04:23.00,,,03:56.00,,,,04:01.00
,12,,,,04:05.00,,,,04:08.00,,,,04:04.00,,,04:10.00,,,,04:15.00,04:27.00,,,04:00.00,,,,04:05.00
,11,,,,04:09.00,,,,04:12.00,,,,04:08.00,,,04:14.00,,,,04:19.00,04:31.00,,,04:04.00,,,,04:09.00
,10,,,,04:13.00,,,,04:16.00,,,,04:12.00,,,04:18.00,,,,04:23.00,04:35.00,,,04:08.00,,,,04:13.00
,9,,,,04:17.00,,,,04:20.00,,,,04:16.00,,,04:22.00,,,,04:27.00,04:39.00,,,04:12.00,,,,04:17.00
,8,,,,04:21.00,,,,04:24.00,,,,04:20.00,,,04:26.00,,,,04:31.00,04:42.00,,,04:16.00,,,,04:21.00
,7,,,,04:25.00,,,,04:28.00,,,,04:24.00,,,04:30.00,,,,04:35.00,04:46.00,,,04:20.00,,,,04:25.00
,6,,,,04:29.00,,,,04:32.00,,,,04:28.00,,,04:34.00,,,,04:39.00,04:50.00,,,04:24.00,,,,04:29.00
,5,,,,04:33.00,,,,04:36.00,,,,04:32.00,,,04:38.00,,,,04:42.00,04:54.00,,,04:28.00,,,,04:33.00
,4,,,,04:37.00,,,,04:40.00,,,,04:36.00,,,04:42.00,,,,04:45.00,04:58.00,,,04:32.00,,,,04:37.00
,3,,,,04:41.00,,,,04:44.00,,,,04:40.00,,,04:46.00,,,,04:49.00,05:02.00,,,04:36.00,,,,04:41.00
,2,,,,04:45.00,,,,04:48.00,,,,04:44.00,,,04:50.00,,,,04:52.00,05:06.00,,,04:40.00,,,,04:45.00
,1,,,,04:48.00,,,,04:52.00,,,,04:48.00,,,04:54.00,,,,04:56.00,05:10.00,,,04:44.00,,,,04:49.00
,,,,,,,,,,,,,,,,,,,,,,,,,,,,
,,,,,,,,,,,表 20	100 米游泳考试评分标准（50 米池）,,,,,,,,,,,,,,,,,
,,,,,,,,,,,,,,,,,,,,,,,,,,,,
续上表,,,,,,,,,,,,,,,,,,,,,,,,,,,,
,"50m 池
分值",,,,100 米蝶泳,,,,,,,,100 米仰泳,,,,,,,100 米蛙泳,,,,100 米自由泳,,,,
score,male,female
,,,,,,,,,,,,,,,,,,,,,,,,,,,,
,,,,,,,,,,,表 21	50 米游泳考试评分标准（25 米池）,,,,,,,,,,,,,,,,,
75,01:11.00,01:20.00
74,01:12.00,01:21.00
73,01:13.00,01:22.00
72,01:14.00,01:23.00
71,01:16.00,01:25.00
70,01:18.00,01:27.00
69,01:20.00,01:29.00
68,01:22.00,01:31.00
67,01:24.00,01:33.00
66,01:26.00,01:35.00
65,01:28.00,01:37.00
64,01:30.00,01:39.00
63,01:32.00,01:41.00
62,01:34.00,01:43.00
61,01:36.00,01:45.00
60,01:38.00,01:47.00
59,01:40.00,01:49.00
58,01:42.00,01:51.00
57,01:44.00,01:53.00
56,01:47.00,01:56.00
55,01:50.00,01:59.00
54,01:53.00,02:02.00
53,01:56.00,02:05.00
52,01:59.00,02:08.00
51,02:02.00,02:11.00
50,02:05.00,02:14.00
49,02:08.00,02:17.00
48,02:11.00,02:20.00
47,02:13.00,02:23.00
46,02:16.00,02:26.00
45,02:19.00,02:29.00
44,02:22.00,02:32.00
43,02:25.00,02:35.00
42,02:28.00,02:38.00
41,02:31.00,02:41.00
40,02:33.00,02:44.00
39,02:36.00,02:47.00
38,02:39.00,02:50.00
37,02:42.00,02:53.00
36,02:45.00,02:56.00
35,02:48.00,02:59.00
34,02:51.00,03:02.00
33,02:54.00,03:05.00
32,02:57.00,03:08.00
31,03.00.00,03:11.00
30,03:03.00,03:14.00
29,03:06.00,03:17.00
28,03:09.00,03:20.00
27,03:12.00,03:23.00
26,03:15.00,03:26.00
25,03:18.00,03:29.00
24,03:22.00,03:32.00
23,03:26.00,03.36.00
22,03:30.00,03:40.00
21,03:34.00,03:44.00
20,03:38.00,03:48.00
19,03:42.00,03:52.00
18,03:46.00,03:56.00
17,03:50.00,04:00.00
16,03:54.00,04:04.00
15,03:58.00,04:08.00
14,04:02.00,04:12.00
13,04:06.00,04:16.00
12,04:10.00,04:20.00
11,04:14.00,04:24.00
10,04:18.00,04:28.00
9,04:22.00,04:32.00
8,04:26.00,04:36.00
7,04:30.00,04:40.00
6,04:34.00,04:44.00
5,04:38.00,04:48.00
4,04:42.00,04:52.00
3,04:46.00,04:56.00
2,04:50.00,05:00.00
1,04:54.00,05:04.00
75,01:14.00,01:21.00
74,01:15.00,01:22.00
73,01:16.00,01:23.00
72,01:17.00,01:24.00
71,01:19.00,01:26.00
70,01:21.00,01:28.00
69,01:23.00,01:30.00
68,01:25.00,01:32.00
67,01:27.00,01:34.00
66,01:29.00,01:36.00
65,01:31.00,01:38.00
64,01:33.00,01:40.00
63,01:35.00,01:42.00
62,01:37.00,01:44.00
61,01:39.00,01:46.00
60,01:41.00,01:48.00
59,01:43.00,01:50.00
58,01:45.00,01:52.00
57,01:47.00,01:55.00
56,01:50.00,01:58.00
55,01:53.00,02:01.00
54,01:56.00,02:04.00
53,01:59.00,02:07.00
52,02:01.00,02:10.00
51,02:03.00,02:13.00
50,02:06.00,02:16.00
49,02:09.00,02:19.00
48,02:12.00,02:22.00
47,02:15.00,02:25.00
46,02:18.00,02:28.00
45,02:21.00,02:31.00
44,02:24.50,02:34.00
43,02:27.00,02:37.00
42,02:30.00,02:40.00
41,02:33.00,02:43.00
40,02:36.00,02:46.00
39,02:39.00,02:49.00
38,02:42.00,02:52.00
37,02:45.00,02:55.00
36,02:48.00,02:58.00
35,02:51.00,03:01.00
34,02:54.00,03:04.00
33,02:57.00,03:07.00
32,03:00.00,03:10.00
31,03:03.00,03:13.00
30,03:06.00,03:16.00
29,03:09.00,03:19.00
28,03:12.00,03:22.00
27,03:15.00,03:25.00
26,03:18.00,03:28.00
25,03/21/2000,03:31.00
24,03:24.00,03:35.00
23,03:27.00,03:39.00
22,03:31.00,03:43.00
21,03:35.00,03:47.00
20,03:39.00,03:51.00
19,03:43.00,03:55.00
18,03:47.00,03:59.00
17,03:51.00,04:03.00
16,03:55.00,04:07.00
15,03:59.00,04:11.00
14,04:03.00,04:15.00
13,04:07.00,04:19.00
12,04:11.00,04:23.00
11,04:15.00,04:27.00
10,04:19.00,04:31.00
9,04:23.00,04:35.00
8,04:27.00,04:39.00
7,04:31.00,04:43.00
6,04:35.00,04:47.00
5,04:39.00,04:51.00
4,04:43.00,04:55.00
3,04:47.00,04:59.00
2,04:51.00,05:03.00
1,04:55.00,05:07.00
75,01:20.00,01:29.00
74,01:21.00,01:30.00
73,01:22.00,01:31.00
72,01:23.00,01:32.00
71,01:25.00,01:34.00
70,01:27.00,01:36.00
69,01:29.00,01:38.00
68,01:31.00,01:40.00
67,01:33.00,01:42.00
66,01:35.00,01:44.00
65,01:37.00,01:46.00
64,01:39.00,01:48.00
63,01:41.00,01:50.00
62,01:43.00,01:52.00
61,01:45.00,01:54.00
60,01:47.00,01:56.00
59,01:49.00,01:58.00
58,01:51.00,02:00.00
57,01:53.00,02:02.00
56,01:55.00,02:05.00
55,01:57.00,02:08.00
54,02:00.00,02:11.00
53,02:03.00,02:14.00
52,02:06.00,02:17.00
51,02:09.00,02:20.00
50,02:12.00,02:23.00
49,02:15.00,02:26.00
48,02:18.00,02:29.00
47,02:21.00,02:32.00
46,02:24.00,02:35.00
45,02:27.00,02:38.00
44,02:30.00,02:42.00
43,02:33.00,02:45.00
42,02:36.00,02:48.00
41,02:39.00,02:51.00
40,02:42.00,02:54.00
39,02:45.00,02:57.00
38,02:48.00,03:00.00
37,02:51.00,03:03.00
36,02:54.00,03:06.00
35,02:57.00,03:09.00
34,03:00.00,03:12.00
33,03:03.00,03:15.00
32,03:06.00,03:18.00
31,03:09.00,03:21.00
30,03:12.00,03:24.00
29,03:15.00,03:28.00
28,03:18.00,03:32.00
27,03:22.00,03:36.00
26,03:25.00,03:40.00
25,03:29.00,03:44.00
24,03:33.00,03:48.00
23,03:36.00,03:52.00
22,03:39.00,03:56.00
21,03:43.00,04:00.00
20,03:47.00,04:04.00
19,03:51.00,04:08.00
18,03:55.00,04:12.00
17,03:59.00,04:16.00
16,04:03.00,04:20.00
15,04:07.00,04:24.00
14,04:11.00,04:28.00
13,04:15.00,04:32.00
12,04:19.00,04:36.00
11,04:23.00,04:40.00
10,04:27.00,04:44.00
9,04:31.00,04:48.00
8,04:35.00,04:52.00
7,04:39.00,04:56.00
6,04:43.00,05:00.00
5,04:47.00,05:04.00
4,04:51.00,05:08.00
3,04:55.00,05:12.00
2,04:59.00,05:16.00
1,05:03.00,05:20.00
75,01:05.00,01:13.00
74,01:06.00,01:14.00
73,01:07.00,01:15.00
72,01:08.00,01:16.00
71,01:10.00,01:18.00
70,01:12.00,01:20.00
69,01:14.00,01:22.00
68,01:16.00,01:24.00
67,01:18.00,01:26.00
66,01:20.00,01:28.00
65,01:22.00,01:30.00
64,01:24.00,01:32.00
63,01:26.00,01:34.00
62,01:28.00,01:36.00
61,01:30.00,01:38.00
60,01:32.00,01:40.00
59,01:34.00,01:42.00
58,01:36.00,01:44.00
57,01:39.00,01:46.00
56,01:42.00,01:49.00
55,01:45.00,01:52.00
54,01:48.00,01:55.00
53,01:50.00,01:58.00
52,01:53.03,02:01.00
51,01:56.00,02:04.00
50,01:59.00,02:07.00
49,02:02.00,02:10.00
48,02:05.00,02:13.00
47,02:08.00,02:16.00
46,02:11.00,02:19.00
45,02:14.00,02:22.00
44,02:17.00,02:25.00
43,02:20.00,02:28.00
42,02:23.00,02:31.00
41,02:27.00,02:34.00
40,02:30.00,02:37.44
39,02:33.00,02:40.00
38,02:36.00,02:43.00:
37,02:39.00,02:46.00
36,02:42.00,02:49.00
35,02:45.00,02:52.00
34,02:48.00,02:55.00
33,02:51.00,02:58.00
32,02:54.00,03:01.00
31,02:57.00,03:04.00
30,03:00.00,03:07.00
29,03:03.00,03:10.00
28,03:06.00,03:14.00
27,03:09.00,03:17.00
26,03:13.00,03:20.00
25,03:17.00,03:23.00
24,03:21.00,03:26.00
23,03:25.00,03:29.00
22,03:29.00,03:33.00
21,03:33.00,03:37.00
20,03:37.00,03:41.00
19,03:41.00,03:45.00
18,03:45.00,03:49.00
17,03:49.00,03:53.00
16,03:53.00,03:57.00
15,03:57.00,04:01.00
14,04:01.00,04:05.00
13,04:05.00,04:09.00
12,04:09.00,04:13.00
11,04:13.00,04:17.00
10,04:17.00,04:21.00
9,04:21.00,04:25.00
8,04:25.00,04:29.00
7,04:29.00,04:33.00
6,04:33.00,04:37.00
5,04:37.00,04:41.00
4,04:41.00,04:45.00
3,04:45.00,04:49.00
2,04:49.00,04:53.00
1,04:53.00,04:57.00
,,,,,,,,,,,,,,,,,,,,,,,,,,,,
续上表,,,,,,,,,,,,,,,,,,,,,,,,,,,,
,"25m 池
分值",,,,50 米蝶泳,,,,,,,,50 米仰泳,,,,,,,50 米蛙泳,,,,50 米自由泳,,,,
score,male,female
,,,,,,,,,,,,,,,,,,,,,,,,,,,,
,,,,,,,,,,,,,表 22	50 米游泳考试评分标准（50 米池）,,,,,,,,,,,,,,,
75,31.5,35.5
74,32,36
73,33.5,36.5
72,34,37
71,34.5,37.5
70,35,38
69,35.7,38.7
68,36.4,39.4
67,37.1,40.1
66,38.8,41.8
65,39.5,42.5
64,40.2,43.2
63,40.9,43.9
62,41.6,44.6
61,42.3,45.3
60,43,46
59,44,47
58,45,48
57,46,49.5
56,47,51
55,48,52.5
54,49.5,54
53,51,55.5
52,52.5,57
51,54,58.5
50,55.5,01:00.20
49,57,01:02.70
48,58.5,01:04.30
47,01:00.30,01:05.95
46,01:01.95,01:07.65
45,01:03.65,01:09.40
44,01:05.40,01:11.20
43,01:07.20,01:13.10
42,01:09.10,01:15.00
41,01:11.00,01:17.00
40,01:13.00,01:19.00
39,01:15.00,01:21.00
38,01:17.00,01:23.00
37,01:19.00,01:25.00
36,01:21.00,01:27.00
35,01:23.00,01:29.50
34,01:25.50,01:31.00
33,01:28.00,01:33.50
32,01:30.50,01:36.00
31,01:33.00,01:38.50
30,01:35.50,01:41.00
29,01:38.00,01:43.50
28,01:40.50,01:46.00
27,01:43.00,01:48.50
26,01:45.50,01:51.00
25,01:48.00,01:53.50
24,01:50.50,01:56.00
23,01:53.00,01:58.50
22,01:55.50,02:01.00
21,01:58.00,02:03.50
20,02:00.50,02:05.00
19,02:03.00,02:07.50
18,02:05.50,02:10.00
17,02:08.00,02:13.00
16,02:10.50,02:16.00
15,02:13.00,02:19.00
14,02:16.00,02:22.00
13,02:19.00,02:25.00
12,02:22.00,02:28.00
11,02:25.00,02:31.00
10,02:28.00,02:34.00
9,02:31.00,02:37.00
8,02:34.00,02:40.00
7,02:37.00,02:44.00
6,02:41.00,02:48.00
5,02:44.00,02:52.00
4,02:48.00,02:56.00
3,02:52.00,03:00.00
2,02:56.00,03:04.00
1,03:00.00,03:08.00
75,34.5,37.5
74,35,38
73,35.5,38.5
72,36,39
71,36.5,39.5
70,37,40
69,37.7,40.7
68,38.4,41.4
67,39.1,42.1
66,40.8,43.8
65,41.5,44.5
64,42.2,45.2
63,42.9,45.9
62,43.6,46.6
61,44.3,47.3
60,45,48
59,46,49
58,47,50
57,48.5,51.5
56,50,53
55,51.5,54.5
54,53,56
53,54.5,57.5
52,56,59
51,57.5,01:01.20
50,59,01:03.70
49,01:01.70,01:05.30
48,01:03.30,01:06.95
47,01:04.95,01:08.65
46,01:06.65,01:10.40
45,01:08.40,01:12.20
44,01:10.20,01:14.10
43,01:12.10,01:16.00
42,01:14.00,01:18.00
41,01:16.00,01:20.00
40,01:18.00,01:22.00
39,01:20.00,01:24.00
38,01:22.00,01:26.00
37,01:24.00,01:28.00
36,01:26.00,01:30.50
35,01:28.50,01:33.00
34,01:30.00,01:35.50
33,01:32.50,01:38.00
32,01:35.00,01:40.50
31,01:37.50,01:43.00
30,01:40.00,01:45.50
29,01:42.50,01:48.00
28,01:45.00,01:50.50
27,01:47.50,01:53.00
26,01:50.00,01:55.50
25,01:52.50,01:58.00
24,01:55.00,02:00.50
23,01:57.50,02:03.00
22,02:00.00,02:05.50
21,02:02.50,02:08.00
20,02:04.00,02:10.50
19,02:07.50,02:13.00
18,02:09.00,02:15.50
17,02:12.00,02:18.00
16,02:15.00,02:21.00
15,02:18.00,02:24.00
14,02:22.00,02:27.00
13,02:24.00,02:30.00
12,02:27.00,02:33.00
11,02:30.00,02:36.00
10,02:33.00,02:39.00
9,02:36.00,02:42.00
8,02:40.00,02:46.00
7,02:43.00,02:50.00
6,02:47.00,02:54.00
5,02:51.00,02:58.00
4,02:55.00,03:02.00
3,02:59.00,03:06.00
2,03:03.00,03:10.00
1,03:07.00,03:14.00
75,36,40
74,36.5,40.5
73,37,41
72,37.5,41.5
71,38,42
70,38.5,42.5
69,39,43
68,39.7,43.7
67,40.4,44.4
66,41.1,45.1
65,42.8,46.8
64,43.5,47.5
63,44.2,48.2
62,44.9,48.9
61,45.6,50
60,46.3,51
59,47,52
58,48,53.5
57,49,55
56,50.5,56.5
55,52,58
54,53.5,59.5
53,55,01:01.35
52,56.5,01:02.75
51,58,01:04.20
50,59.5,01:06.70
49,01:01.20,01:08.30
48,01:03.70,01:09.95
47,01:05.30,01:11.65
46,01:06.95,01:13.40
45,01:08.65,01:15.20
44,01:10.40,01:17.10
43,01:12.20,01:19.00
42,01:14.10,01:21.00
41,01:16.00,01:23.00
40,01:18.00,01:25.00
39,01:20.00,01:27.00
38,01:22.00,01:29.00
37,01:24.00,01:31.00
36,01:26.00,01:33.00
35,01:28.00,01:35.00
34,01:30.50,01:37.50
33,01:33.00,01:40.00
32,01:35.50,01:42.50
31,01:38.00,01:46.00
30,01:40.50,01:48.50
29,01:43.00,01:51.00
28,01:45.50,01:53.50
27,01:48.00,01:56.00
26,01:50.50,01:58.50
25,01:53.00,02:01.00
24,01:55.50,02:03.50
23,01:58.00,02:06.00
22,02:00.50,02:08.50
21,02:03.00,02:11.00
20,02:05.50,02:13.50
19,02:08.00,02:16.00
18,02:10.50,02:18.50
17,02:13.00,02:21.00
16,02:15.50,02:23.50
15,02:18.00,02:26.00
14,02:21.00,02:29.00
13,02:24.00,02:32.00
12,02:27.00,02:35.00
11,02:30.00,02:38.00
10,02:33.00,02:41.00
9,02:36.00,02:44.00
8,02:39.00,02:47.00
7,02:42.00,02:50.00
6,02:46.00,02:54.00
5,02:50.00,02:59.00
4,02:54.00,03:03.00
3,02:58.00,03:07.00
2,03:02.00,03:11.00
1,03:06.00,03:15.00
75,26.5,30.5
74,27,31
73,27.5,31.5
72,28,32
71,28.5,32.5
70,29,33
69,29.7,33.7
68,30.4,34.4
67,31.1,35.1
66,31.8,36.8
65,32.5,37.5
64,33.2,38.2
63,33.9,38.9
62,34.6,39.6
61,35.3,40.3
60,36,41
59,37,42
58,38.2,43.2
57,39.4,44.4
56,40.6,45.6
55,42,47
54,43.6,48.6
53,45.2,49.2
52,46.8,50.8
51,48.4,52.4
50,50.2,54.2
49,52,56
48,53.8,58.8
47,55.6,01:00.00
46,57.4,01:01.65
45,59.2,01:03.40
44,01:00.00,01:05.20
43,01:01.00,01:07.10
42,01:03.00,01:09.00
41,01:05.00,01:11.00
40,01:07.00,01:13.00
39,01:09.00,01:15.00
38,01:11.00,01:17.00
37,01:13.00,01:19.00
36,01:15.00,01:21.00
35,01:17.00,01:23.00
34,01:19.00,01:25.50
33,01:21.00,01:28.00
32,01:23.50,01:30.50
31,01:26.00,01:33.00
30,01:28.50,01:35.50
29,01:31.00,01:38.00
28,01:33.50,01:40.50
27,01:36.00,01:43.00
26,01:38.50,01:45.50
25,01:41.00,01:48.00
24,01:43.50,01:50.50
23,01:46.00,01:53.00
22,01:48.50,01:55.50
21,01:51.00,01:58.00
20,01:53.50,02:00.50
19,01:56.00,02:03.00
18,01:58.50,02:05.50
17,02:01.00,02:08.00
16,02:03.50,02:10.50
15,02:06.00,02:13.00
14,02:08.50,02:16.00
13,02:11.00,02:19.00
12,02:14.00,02:22.00
11,02:17.00,02:25.00
10,02:20.00,02:28.00
9,02:23.00,02:31.00
8,02:26.00,02:34.00
7,02:29.00,02:37.00
6,02:32.00,02:41.00
5,02:35.00,02:45.00
4,02:39.00,02:49.00
3,02:43.00,02:53.00
2,02:47.00,02:57.00
1,02:51.00,03:00.00
,"50m 池
分值",,,,50 米蝶泳,,,,,,,,50 米仰泳,,,,,,,50 米蛙泳,,,,50 米自由泳,,,,
score,male,female
,,,,,,,,,,,,,,,,,,,,,,,,,,,,
续上表,,,,,,,,,,,,,,,,,,,,,,,,,,,,
75,32.5,36.5
74,33,37
73,33.5,37.5
72,34,38
71,34.5,38.5
70,35,39
69,35.7,39.7
68,36.4,40.4
67,37.1,41.1
66,37.8,42.8
65,38.5,43.5
64,39.2,44.2
63,39.9,44.9
62,40.6,45.8
61,41.3,46.5
60,42,47.2
59,43.9,47.9
58,44.8,48.6
57,45.7,49.3
56,46.6,50
55,47.5,51
54,48.4,52
53,49.3,53
52,50.1,54
51,51,55
50,52,56
49,53,57
48,54,58
47,55,59
46,56.2,01:00.30
45,57.1,01:02.20
44,58,01:04.10
43,59.2,01:05.95
42,01:01.20,01:07.65
41,01:03.00,01:09.40
40,01:04.65,01:11.20
39,01:06.40,01:13.10
38,01:08.20,01:15.00
37,01:10.10,01:17.00
36,01:12.00,01:19.00
75,35.5,38.5
74,36,39
73,36.5,39.5
72,37,40
71,37.5,40.5
70,38,41
69,38.5,41.7
68,39,42.4
67,39.7,43.1
66,40.4,44.8
65,41.1,45.5
64,42.8,46.2
63,43.5,46.9
62,44.2,47.8
61,44.9,48.7
60,45.6,49.6
59,46.3,50.5
58,47,51.4
57,48,52.3
56,49,53.2
55,50,54.1
54,51,55
53,52,56
52,53,57
51,54,58
50,55,59
49,56,01:00.00
48,57,01:01.35
47,58,01:02.75
46,59,01:04.30
45,01:00.30,01:06.20
44,01:02.20,01:08.10
43,01:04.10,01:09.95
42,01:05.95,01:11.65
41,01:07.65,01:13.40
40,01:09.40,01:15.20
39,01:11.20,01:17.10
38,01:13.10,01:19.00
37,01:15.00,01:21.00
36,01:17.00,01:23.00
75,37,41
74,37.5,41.5
73,38,42
72,38.5,42.5
71,39,43
70,39.5,43.5
69,40,44
68,40.7,44.7
67,41.4,45.4
66,42.1,46.1
65,43.8,46.8
64,44.5,47.5
63,45.2,48.2
62,45.9,48.9
61,46.6,49.6
60,47.5,50.3
59,48.4,51
58,49.3,51.9
57,50.2,52.8
56,51.1,53.7
55,52,54.6
54,53,55.5
53,54,56.4
52,55,57.3
51,56,58.2
50,57,59.1
49,58,01:00.00
48,59,01:01.35
47,01:00.30,01:02.75
46,01:02.20,01:04.30
45,01:04.10,01:06.20
44,01:05.95,01:08.10
43,01:07.65,01:09.95
42,01:09.40,01:11.65
41,01:11.20,01:13.40
40,01:13.10,01:15.20
39,01:15.00,01:17.10
38,01:17.00,01:19.00
37,01:19.00,01:21.00
36,01:21.00,01:23.00
75,27.5,31.5
74,28,32
73,28.5,32.5
72,29,33
71,29.5,33.5
70,30,34
69,30.7,34.7
68,31.4,35.4
67,32.1,36.1
66,32.8,39.55
65,33.5,40.3
64,34.2,41.1
63,34.9,41.8
62,35.8,42.5
61,36.7,43.2
60,37.6,43.9
59,38.5,44.8
58,39.4,45.7
57,40.3,46.6
56,41.2,47.5
55,42.1,48.4
54,43,49.3
53,44,50.2
52,45,51.1
51,46,52
50,47,53
49,48,54
48,49,55
47,50,56
46,51,57
45,52,58
44,53,59
43,54,01:00.00
42,55,01:00.95
41,56,01:02.65
40,57,01:04.40
39,58,01:06.20
38,59,01:08.10
37,01:00.40,01:10.00
36,01:02.20,01:12.00
,35,,,,01:14.00,,,,01:21.00,,,,01:19.00,,,01:25.00,,,,01:23.00,01:25.00,,,01:04.10,,,,01:14.00
,34,,,,01:16.00,,,,01:25.00,,,,01:21.00,,,01:27.00,,,,01:25.00,01:27.00,,,01:06.00,,,,01:16.00
,33,,,,01:18.00,,,,01:27.00,,,,01:23.00,,,01:29.00,,,,01:27.00,01:29.00,,,01:08.00,,,,01:18.00
,32,,,,01:20.00,,,,01:29.00,,,,01:25.00,,,01:31.00,,,,01:29.00,01:31.00,,,01:10.00,,,,01:20.10
,31,,,,01:22.00,,,,01:31.00,,,,01:35.50,,,01:33.00,,,,01:31.00,01:33.00,,,01:12.00,,,,01:22.00
,30,,,,01:24.00,,,,01:33.00,,,,01:38.00,,,01:35.00,,,,01:33.00,01:35.00,,,01:14.00,,,,01:24.00
,29,,,,01:26.00,,,,01:35.50,,,,01:40.50,,,01:37.00,,,,01:35.50,01:37.00,,,01:16.00,,,,01:26.00
,28,,,,01:28.00,,,,01:38.00,,,,01:43.00,,,01:39.50,,,,01:38.00,01:39.50,,,01:18.00,,,,01:28.00
,27,,,,01:30.00,,,,01:40.50,,,,01:45.50,,,01:43.00,,,,01:40.50,01:42.00,,,01:20.00,,,,01:30.50
,26,,,,01:32.50,,,,01:43.00,,,,01:48.00,,,01:46.50,,,,01:43.00,01:44.50,,,01:22.00,,,,01:33.00
,25,,,,01:35.00,,,,01:45.50,,,,01:50.50,,,01:50.00,,,,01:45.50,01:47.00,,,01:24.00,,,,01:35.50
,24,,,,01:37.50,,,,01:48.00,,,,01:53.00,,,01:53.50,,,,01:48.00,01:49.50,,,01:26.50,,,,01:38.00
,23,,,,01:40.00,,,,01:50.50,,,,01:55.50,,,01:57.00,,,,01:50.50,01:52.00,,,01:29.00,,,,01:40.50
,22,,,,01:42.50,,,,01:53.00,,,,01:58.00,,,02:00.50,,,,01:53.00,01:54.50,,,01:31.50,,,,01:43.00
,21,,,,01:45.00,,,,01:55.50,,,,02:00.50,,,02:04.00,,,,01:55.50,01:57.00,,,01:34.00,,,,01:45.50
,20,,,,01:47.50,,,,01:58.00,,,,02:03.00,,,02:07.50,,,,01:58.00,01:59.50,,,01:36.50,,,,01:48.00
,19,,,,01:50.00,,,,02:00.50,,,,02:05.50,,,02:11.00,,,,02:00.50,02:02.00,,,01:39.00,,,,01:50.50
,18,,,,01:52.50,,,,02:03.00,,,,02:08.00,,,02:14.50,,,,02:03.00,02:04.50,,,01:41.50,,,,01:53.00
,17,,,,01:55.00,,,,02:05.50,,,,02:10.50,,,02:18.00,,,,02:05.50,02:07.00,,,01:44.00,,,,01:55.50
,16,,,,01:57.50,,,,02:08.00,,,,02:13.00,,,02:21.50,,,,02:08.00,02:09.50,,,01:46.50,,,,01:58.00
,15,,,,02:00.00,,,,02:10.50,,,,02:16.00,,,02:25.00,,,,02:10.50,02:12.00,,,01:49.00,,,,02:00.50
,14,,,,02:02.50,,,,02:13.00,,,,02:19.00,,,02:28.50,,,,02:13.00,02:14.50,,,01:51.50,,,,02:03.00
,13,,,,02:05.00,,,,02:16.00,,,,02:22.00,,,02:32.00,,,,02:16.00,02:17.00,,,01:54.00,,,,02:05.50
,12,,,,02:07.50,,,,02:19.00,,,,02:25.00,,,02:35.00,,,,02:19.00,02:20.00,,,01:56.50,,,,02:08.00
,11,,,,02:10.00,,,,02:22.00,,,,02:28.00,,,02:38.00,,,,02:22.00,02:23.00,,,01:59.00,,,,02:11.00
,10,,,,02:13.00,,,,02:25.00,,,,02:31.00,,,02:41.00,,,,02:25.00,02:26.00,,,02:01.50,,,,02:14.00
,9,,,,02:16.00,,,,02:28.00,,,,02:34.00,,,02:44.00,,,,02:28.00,02:29.00,,,02:04.00,,,,02:17.00
,8,,,,02:19.00,,,,02:31.00,,,,02:37.00,,,02:47.00,,,,02:31.00,02:32.00,,,02:07.00,,,,02:20.00
,7,,,,02:22.00,,,,02:34.00,,,,02:40.00,,,02:50.00,,,,02:34.00,02:35.00,,,02:10.00,,,,02:23.00
,6,,,,02:25.00,,,,02:37.00,,,,02:43.00,,,02:53.00,,,,02:37.00,02:38.00,,,02:13.00,,,,02:26.00
,5,,,,02:28.00,,,,02:40.00,,,,02:46.00,,,02:56.00,,,,02:40.00,02:41.00,,,02:16.00,,,,02:29.00
,4,,,,02:31.00,,,,02:43.00,,,,02:49.00,,,02:59.00,,,,02:43.00,02:44.00,,,02:19.00,,,,02:32.00
,3,,,,02:34.00,,,,02:46.00,,,,02:52.00,,,03:02.00,,,,02:46.00,02:47.00,,,02:22.00,,,,02:35.00
,2,,,,02:37.00,,,,02:49.00,,,,02:55.00,,,03:05.00,,,,02:49.00,02:50.00,,,02:25.00,,,,02:38.00
,1,,,,02:40.00,,,,02:52.00,,,,02:58.00,,,03:08.00,,,,02:52.00,02:53.00,,,02:28.00,,,,02:41.00
,,,,,,,,,,,,,,,,,,,,,,,,,,,,
,,,,,,,,,,,,,,,,,,,,,,,,,,,,
,,,,,,,,,,,,表 23	男子左、右纵劈叉考试评分标准,,,,,,,,,,,,,,,,
,,,,,,,,,,评分标准（离地高度）,,,,,,,,,分值（一侧腿）,,,,,,,,,
,,,,,,,,,,-5 厘米（前脚加高）,,,,,,,,,25,,,,,,,,,
,,,,,,,,,,0 厘米,,,,,,,,,23,,,,,,,,,
,,,,,,,,,,1 厘米,,,,,,,,,21,,,,,,,,,
,,,,,,,,,,2 厘米,,,,,,,,,19,,,,,,,,,
,,,,,,,,,,3 厘米,,,,,,,,,17,,,,,,,,,
,,,,,,,,,,4 厘米,,,,,,,,,15,,,,,,,,,
,,,,,,,,,,5 厘米,,,,,,,,,13,,,,,,,,,
,,,,,,,,,,6 厘米,,,,,,,,,11,,,,,,,,,
,,,,,,,,,,7 厘米,,,,,,,,,9,,,,,,,,,
,,,,,,,,,,8 厘米,,,,,,,,,7,,,,,,,,,
,,,,,,,,,,9 厘米,,,,,,,,,5,,,,,,,,,
,,,,,,,,,,10 厘米,,,,,,,,,3,,,,,,,,,
,,,,,,,,,,>10 厘米,,,,,,,,,0,,,,,,,,,
,,,,,,,,,,,,,,,,,,,,,,,,,,,,
,,,,,,,,,,,,表 24	女子左、右纵劈叉考试评分标准,,,,,,,,,,,,,,,,
,,,,,,,,,,评分标准（离地高度）,,,,,,,,,分值（一侧腿）,,,,,,,,,
,,,,,,,,,,-20 厘米（前脚加高）,,,,,,,,,25,,,,,,,,,
,,,,,,,,,,-15 厘米（前脚加高）,,,,,,,,,23,,,,,,,,,
,,,,,,,,,,-10 厘米（前脚加高）,,,,,,,,,21,,,,,,,,,
,,,,,,,,,,-5 厘米（前脚加高）,,,,,,,,,19,,,,,,,,,
,,,,,,,,,,0 厘米,,,,,,,,,17,,,,,,,,,
,,,,,,,,,,1 厘米,,,,,,,,,15,,,,,,,,,
,,,,,,,,,,2 厘米,,,,,,,,,13,,,,,,,,,
,,,,,,,,,,3 厘米,,,,,,,,,11,,,,,,,,,
,,,,,,,,,,4 厘米,,,,,,,,,9,,,,,,,,,
,,,,,,,,,,5 厘米,,,,,,,,,7,,,,,,,,,
,,,,,,,,,,6 厘米,,,,,,,,,5,,,,,,,,,
,,,,,,,,,,>6 厘米,,,,,,,,,0,,,,,,,,,
,,,,,,,,,,,,,,,,,,,,,,,,,,,,
,,,,,,,,,,,,,表 25	男子控倒立考试评分标准,,,,,,,,,,,,,,,
score,value
10,50
6.8-6.9,34
,,,9.8-9.9,,,,,,,49,,,,,6.6-6.7,,,,,33,3.4-3.5,,,,17,,,
,,,9.6-9.7,,,,,,,48,,,,,6.4-6.5,,,,,32,3.2-3.3,,,,16,,,
,,,9.4-9.5,,,,,,,47,,,,,6.2-6.3,,,,,31,3.0-3.1,,,,15,,,
,,,9.2-9.3,,,,,,,46,,,,,6.0-6.1,,,,,30,2.8-2.9,,,,14,,,
,,,9.0-9.1,,,,,,,45,,,,,5.8-5.9,,,,,29,2.6-2.7,,,,13,,,
,,,8.8-8.9,,,,,,,44,,,,,5.6-5.7,,,,,28,2.4-2.5,,,,12,,,
,,,8.6-8.7,,,,,,,43,,,,,5.4-5.5,,,,,27,2.2-2.3,,,,11,,,
,,,8.4-8.5,,,,,,,42,,,,,5.2-5.3,,,,,26,2.0-2.1,,,,10,,,
,,,8.2-8.3,,,,,,,41,,,,,5.0-5.1,,,,,25,1.8-1.9,,,,9,,,
,,,8.0-8.1,,,,,,,40,,,,,4.8-4.9,,,,,24,1.6-1.7,,,,8,,,
,,,7.8-7.9,,,,,,,39,,,,,4.6-4.7,,,,,23,1.4-1.5,,,,7,,,
,,,7.6-7.7,,,,,,,38,,,,,4.4-4.5,,,,,22,1.2-1.3,,,,6,,,
,,,7.4-7.5,,,,,,,37,,,,,4.2-4.3,,,,,21,1.0-1.1,,,,5,,,
,,,7.2-7.3,,,,,,,36,,,,,4.0-4.1,,,,,20,<1.0,,,,0,,,
,,,7.0-7.1,,,,,,,35,,,,,3.8-3.9,,,,,19,,,,,,,,
,,,,,,,,,,,,,,,,,,,,,,,,,,,,
,,,,,,,,,,,,,表 26	女子控倒立考试评分标准,,,,,,,,,,,,,,,
score,value
5,50
4.9,49
4.8,48
4.7,47
4.6,46
4.5,45
4.4,44
4.3,43
4.2,42
4.1,41
4,40
3.9,39
3.8,38
3.7,37
3.6,36
3.5,35
3.4,34
3.3,33
3.2,32
3.1,31
3,30
2.9,29
2.8,28
2.7,27
2.6,26
2.5,25
2.4,24
2.3,23
,,,,,,,,,,,,,,,,,,,,,,,,,,,,
,,,,,,,,,,表 27	健美操、啦啦操规定成套动作考试评分标准,,,,,,,,,,,,,,,,,,
,,评分标准,,,,,,,,,,,,,,,,,,,,,,,分值,,,
,,"完成优秀，表现力自信，动作幅度、力度好，动作完成干净利落，
难度与技术技巧动作达到最低完成标准，动作与音乐吻合，节拍准确，身体姿态控制优秀。",,,,,,,,,,,,,,,,,,,,,,,"
46-50",,,
,,"完成良好，表现力自信，动作幅度、力度好，动作完成较为干净，
难度与技术技巧动作基本达到最低完成标准，动作与音乐节拍较为准确，身体姿态控制良好。",,,,,,,,,,,,,,,,,,,,,,,"
41-45",,,
,,"完成良好，表现力自信，动作幅度、力度一般，动作完成较为干净
利落，个别难度与技术技巧动作未达到最低完成标准，动作与音乐节拍相对准确，身体姿态控制良好。",,,,,,,,,,,,,,,,,,,,,,,"
31-40",,,
,,"完成好，表现力良好，动作幅度、力度一般，动作完成较为干净利落，部分难度与技术技巧动作未达到最低完成标准，动作与音乐节
拍准确度一般，身体姿态控制良好。",,,,,,,,,,,,,,,,,,,,,,,"
21-30",,,
,,"完成一般，表现力好，动作幅度、力度一般，动作完成一般，大部分难度与技术技巧动作未达到最低完成标准，动作与音乐节拍部分
准确，身体姿态控制良好。",,,,,,,,,,,,,,,,,,,,,,,"
11-20",,,
,,"完成差，表现力一般，动作幅度、力度一般，动作完成一般，难度与技术技巧动作未达到最低完成标准，动作与音乐节拍大部分不准
确，身体姿态控制不足。",,,,,,,,,,,,,,,,,,,,,,,"
1-10",,,
,,,,,,,,,,,,,,,,,,,,,,,,,,,,
,,,附：1.健美操规定成套动作配乐,,,,,,,,,,,,,,,,,,,,,,,,,
,,,,,,2. 健美操规定成套动作完整示范,,,,,,,,,,,,,,,,,,,,,,
,,,,,,3. 健美操规定成套动作教学示范,,,,,,,,,,,,,,,,,,,,,,
,,,,,,4. 啦啦操规定成套动作配乐,,,,,,,,,,,,,,,,,,,,,,
,,,,,,5. 啦啦操规定成套动作完整示范,,,,,,,,,,,,,,,,,,,,,,
,,,,,,6. 啦啦操规定成套动作教学示范,,,,,,,,,,,,,,,,,,,,,,
